start,end,surface,display_label,specificity,entity_type,source,canonical,term_id,domain,match_policy,value,unit,confidence,count,context
32,38,метода,Method,generic,Method,heuristic_word,,,,,,,0.85,4,<!-- image --> Опыт применения метода полной разгрузки керна для определения напряженно деформированного состояния массива горных пород Т
39,61,полной разгрузки керна,Process,generic,Process,heuristic_phrase,,,,,,,0.55,7,<!-- image --> Опыт применения метода полной разгрузки керна для определения напряженно деформированного состояния массива горных пород Талнахского месторождени
78,115,напряженно деформированного состояния,Property,generic,Property,heuristic_phrase,,,,,,,0.55,3,<!-- image --> Опыт применения метода полной разгрузки керна для определения напряженно деформированного состояния массива горных пород Талнахского месторождения ООО «ИНСТИТУТ ГИПРОНИКЕЛЬ»: ДЕПАРТАМЕНТ ПО ИССЛЕДОВ
116,123,массива,RockMass,generic,RockMass,heuristic_word,,,,,,,0.85,5,Опыт применения метода полной разгрузки керна для определения напряженно деформированного состояния массива горных пород Талнахского месторождения ООО «ИНСТИТУТ ГИПРОНИКЕЛЬ»: ДЕПАРТАМЕНТ ПО ИССЛЕДОВАНИЯМ И
131,136,пород,RockMass,generic,RockMass,heuristic_word,,,,,,,0.85,2,метода полной разгрузки керна для определения напряженно деформированного состояния массива горных пород Талнахского месторождения ООО «ИНСТИТУТ ГИПРОНИКЕЛЬ»: ДЕПАРТАМЕНТ ПО ИССЛЕДОВАНИЯМ И РАЗРАБОТКАМ
137,162,Талнахского месторождения,MineObject,generic,MineObject,heuristic_phrase,,,,,,,0.55,2,а полной разгрузки керна для определения напряженно деформированного состояния массива горных пород Талнахского месторождения ООО «ИНСТИТУТ ГИПРОНИКЕЛЬ»: ДЕПАРТАМЕНТ ПО ИССЛЕДОВАНИЯМ И РАЗРАБОТКАМ ДОКЛАДЧИК ЗАВЕДУЮЩИЙ ЛАБОР
164,167,ООО,Organization,generic,Organization,heuristic_word,,,,,,,0.65,1,я определения напряженно деформированного состояния массива горных пород Талнахского месторождения ООО «ИНСТИТУТ ГИПРОНИКЕЛЬ»: ДЕПАРТАМЕНТ ПО ИССЛЕДОВАНИЯМ И РАЗРАБОТКАМ ДОКЛАДЧИК ЗАВЕДУЮЩИЙ ЛАБОРАТОРИ
169,177,ИНСТИТУТ,Organization,generic,Organization,heuristic_word,,,,,,,0.85,1,еделения напряженно деформированного состояния массива горных пород Талнахского месторождения ООО «ИНСТИТУТ ГИПРОНИКЕЛЬ»: ДЕПАРТАМЕНТ ПО ИССЛЕДОВАНИЯМ И РАЗРАБОТКАМ ДОКЛАДЧИК ЗАВЕДУЮЩИЙ ЛАБОРАТОРИЕЙ ГЕОТЕХН
178,189,ГИПРОНИКЕЛЬ,Organization,generic,Organization,heuristic_word,,,,,,,0.85,4,"напряженно деформированного состояния массива горных пород Талнахского месторождения ООО «ИНСТИТУТ ГИПРОНИКЕЛЬ»: ДЕПАРТАМЕНТ ПО ИССЛЕДОВАНИЯМ И РАЗРАБОТКАМ ДОКЛАДЧИК ЗАВЕДУЮЩИЙ ЛАБОРАТОРИЕЙ ГЕОТЕХНИКИ, К.Т.Н."
192,203,ДЕПАРТАМЕНТ,Organization,generic,Organization,heuristic_word,,,,,,,0.85,1,"ормированного состояния массива горных пород Талнахского месторождения ООО «ИНСТИТУТ ГИПРОНИКЕЛЬ»: ДЕПАРТАМЕНТ ПО ИССЛЕДОВАНИЯМ И РАЗРАБОТКАМ ДОКЛАДЧИК ЗАВЕДУЮЩИЙ ЛАБОРАТОРИЕЙ ГЕОТЕХНИКИ, К.Т.Н. ТРОФИМОВ А.В."
236,245,ДОКЛАДЧИК,Expert,generic,Expert,heuristic_word,,,,,,,0.85,1,"Талнахского месторождения ООО «ИНСТИТУТ ГИПРОНИКЕЛЬ»: ДЕПАРТАМЕНТ ПО ИССЛЕДОВАНИЯМ И РАЗРАБОТКАМ ДОКЛАДЧИК ЗАВЕДУЮЩИЙ ЛАБОРАТОРИЕЙ ГЕОТЕХНИКИ, К.Т.Н. ТРОФИМОВ А.В. ## Введение ## Введение Освоение новых"
246,256,ЗАВЕДУЮЩИЙ,Expert,generic,Expert,heuristic_word,,,,,,,0.85,1,"го месторождения ООО «ИНСТИТУТ ГИПРОНИКЕЛЬ»: ДЕПАРТАМЕНТ ПО ИССЛЕДОВАНИЯМ И РАЗРАБОТКАМ ДОКЛАДЧИК ЗАВЕДУЮЩИЙ ЛАБОРАТОРИЕЙ ГЕОТЕХНИКИ, К.Т.Н. ТРОФИМОВ А.В. ## Введение ## Введение Освоение новых горизонтов"
257,269,ЛАБОРАТОРИЕЙ,Organization,generic,Organization,heuristic_word,,,,,,,0.85,1,"дения ООО «ИНСТИТУТ ГИПРОНИКЕЛЬ»: ДЕПАРТАМЕНТ ПО ИССЛЕДОВАНИЯМ И РАЗРАБОТКАМ ДОКЛАДЧИК ЗАВЕДУЮЩИЙ ЛАБОРАТОРИЕЙ ГЕОТЕХНИКИ, К.Т.Н. ТРОФИМОВ А.В. ## Введение ## Введение Освоение новых горизонтов на месторожде"
282,287,К.Т.Н,Expert,generic,Expert,heuristic_word,,,,,,,0.85,1,"ОНИКЕЛЬ»: ДЕПАРТАМЕНТ ПО ИССЛЕДОВАНИЯМ И РАЗРАБОТКАМ ДОКЛАДЧИК ЗАВЕДУЮЩИЙ ЛАБОРАТОРИЕЙ ГЕОТЕХНИКИ, К.Т.Н. ТРОФИМОВ А.В. ## Введение ## Введение Освоение новых горизонтов на месторождениях полезных иско"
289,297,ТРОФИМОВ,Expert,generic,Expert,heuristic_word,,,,,,,0.85,1,"»: ДЕПАРТАМЕНТ ПО ИССЛЕДОВАНИЯМ И РАЗРАБОТКАМ ДОКЛАДЧИК ЗАВЕДУЮЩИЙ ЛАБОРАТОРИЕЙ ГЕОТЕХНИКИ, К.Т.Н. ТРОФИМОВ А.В. ## Введение ## Введение Освоение новых горизонтов на месторождениях полезных ископаемых, ра"
345,355,горизонтов,MineObject,generic,MineObject,heuristic_word,,,,,,,0.85,1,"ЗАВЕДУЮЩИЙ ЛАБОРАТОРИЕЙ ГЕОТЕХНИКИ, К.Т.Н. ТРОФИМОВ А.В. ## Введение ## Введение Освоение новых горизонтов на месторождениях полезных ископаемых, разрабатываемых подземным способом, все чаще требует проведе"
374,382,полезных,Material,generic,Material,heuristic_word,,,,,,,0.85,1,"ЕХНИКИ, К.Т.Н. ТРОФИМОВ А.В. ## Введение ## Введение Освоение новых горизонтов на месторождениях полезных ископаемых, разрабатываемых подземным способом, все чаще требует проведения комплексных геомеханиче"
383,393,ископаемых,Material,generic,Material,heuristic_word,,,,,,,0.85,1,".Т.Н. ТРОФИМОВ А.В. ## Введение ## Введение Освоение новых горизонтов на месторождениях полезных ископаемых, разрабатываемых подземным способом, все чаще требует проведения комплексных геомеханических исслед"
471,486,геомеханических,Technology,generic,Technology,heuristic_word,,,,,,,0.85,1,"ях полезных ископаемых, разрабатываемых подземным способом, все чаще требует проведения комплексных геомеханических исследований . Совместный анализ литолого-структурной и геомеханической моделей с материалами обсле"
651,675,численного моделирования,Model,generic,Model,heuristic_phrase,,,,,,,0.55,5,"ической моделей с материалами обследования подземных сооружений, результатами инженерных расчетов и численного моделирования является на сегодняшний момент наиболее предпочтительным способом обеспечения безопасности горных р"
716,732,предпочтительным,Recommendation,generic,Recommendation,heuristic_word,,,,,,,0.85,1,результатами инженерных расчетов и численного моделирования является на сегодняшний момент наиболее предпочтительным способом обеспечения безопасности горных работ . <!-- image --> <!-- image --> <!-- image --> В
875,885,напряжений,Property,generic,Property,heuristic_word,,,,,,,0.85,13,абот . <!-- image --> <!-- image --> <!-- image --> В этом контексте определение значений полей напряжений на участках подземного рудника вне зоны влияния очистных выработок представляет исходные данные для
909,916,рудника,MineObject,generic,MineObject,heuristic_word,,,,,,,0.85,1,--> <!-- image --> В этом контексте определение значений полей напряжений на участках подземного рудника вне зоны влияния очистных выработок представляет исходные данные для решения большого перечня задач
921,933,зоны влияния,Condition,generic,Condition,heuristic_phrase,,,,,,,0.55,2,"mage --> В этом контексте определение значений полей напряжений на участках подземного рудника вне зоны влияния очистных выработок представляет исходные данные для решения большого перечня задач, включая количес"
1048,1055,влияния,Condition,generic,Condition,heuristic_word,,,,,,,0.85,7,"оток представляет исходные данные для решения большого перечня задач, включая количественную оценку влияния тектонических напряжений на поле напряжений массива, т . к . превышение неравнокомпонентных горизон"
1070,1080,напряжений,Property,generic,Property,heuristic_word,,,,,,,0.85,13,"дные данные для решения большого перечня задач, включая количественную оценку влияния тектонических напряжений на поле напряжений массива, т . к . превышение неравнокомпонентных горизонтальных сжимающих напряже"
1084,1099,поле напряжений,Property,generic,Property,heuristic_phrase,,,,,,,0.55,3,"я решения большого перечня задач, включая количественную оценку влияния тектонических напряжений на поле напряжений массива, т . к . превышение неравнокомпонентных горизонтальных сжимающих напряжений на литостатичес"
1100,1107,массива,RockMass,generic,RockMass,heuristic_word,,,,,,,0.85,5,"го перечня задач, включая количественную оценку влияния тектонических напряжений на поле напряжений массива, т . к . превышение неравнокомпонентных горизонтальных сжимающих напряжений на литостатическим грав"
1148,1162,горизонтальных,Condition,generic,Condition,heuristic_word,,,,,,,0.85,1,"влияния тектонических напряжений на поле напряжений массива, т . к . превышение неравнокомпонентных горизонтальных сжимающих напряжений на литостатическим гравитационным полем от веса вышезалегающих пород значитель"
1163,1172,сжимающих,Condition,generic,Condition,heuristic_word,,,,,,,0.85,1,"ческих напряжений на поле напряжений массива, т . к . превышение неравнокомпонентных горизонтальных сжимающих напряжений на литостатическим гравитационным полем от веса вышезалегающих пород значительно увеличи"
1173,1183,напряжений,Property,generic,Property,heuristic_word,,,,,,,0.85,13,"ряжений на поле напряжений массива, т . к . превышение неравнокомпонентных горизонтальных сжимающих напряжений на литостатическим гравитационным полем от веса вышезалегающих пород значительно увеличивает вероят"
1187,1202,литостатическим,Condition,generic,Condition,heuristic_word,,,,,,,0.85,1,"е напряжений массива, т . к . превышение неравнокомпонентных горизонтальных сжимающих напряжений на литостатическим гравитационным полем от веса вышезалегающих пород значительно увеличивает вероятность критических д"
1247,1252,пород,RockMass,generic,RockMass,heuristic_word,,,,,,,0.85,2,"горизонтальных сжимающих напряжений на литостатическим гравитационным полем от веса вышезалегающих пород значительно увеличивает вероятность критических деформаций или горных ударов, что необходимо учитыв"
1289,1300,критических,Condition,generic,Condition,heuristic_word,,,,,,,0.85,1,"тостатическим гравитационным полем от веса вышезалегающих пород значительно увеличивает вероятность критических деформаций или горных ударов, что необходимо учитывать при горном планировании, развитии фронта очи"
1301,1311,деформаций,Property,generic,Property,heuristic_word,,,,,,,0.85,8,"м гравитационным полем от веса вышезалегающих пород значительно увеличивает вероятность критических деформаций или горных ударов, что необходимо учитывать при горном планировании, развитии фронта очистных работ"
1335,1345,необходимо,Recommendation,generic,Recommendation,heuristic_word,,,,,,,0.85,1,"езалегающих пород значительно увеличивает вероятность критических деформаций или горных ударов, что необходимо учитывать при горном планировании, развитии фронта очистных работ и выборе технологии проходки . #"
1421,1431,технологии,Technology,generic,Technology,heuristic_word,,,,,,,0.85,1,"х ударов, что необходимо учитывать при горном планировании, развитии фронта очистных работ и выборе технологии проходки . ## Введение ## В представленном докладе рассмотрено: - Обоснование необходимости пров"
1527,1547,проведения измерений,Process,generic,Process,heuristic_phrase,,,,,,,0.55,2,огии проходки . ## Введение ## В представленном докладе рассмотрено: - Обоснование необходимости проведения измерений для определения напряженнодеформированного состояния (далее НДС); - Обзор методов определения НДС и
1608,1611,НДС,Metric:НДС,specific,Metric,ontology,НДС,underground:StressStrainState,underground_mining,exact_phrase,,,1.0,0,ание необходимости проведения измерений для определения напряженнодеформированного состояния (далее НДС); - Обзор методов определения НДС и их применимости в различных условиях; - Прогноз НДС на основе л
1622,1641,методов определения,Method,generic,Method,heuristic_phrase,,,,,,,0.55,2,ости проведения измерений для определения напряженнодеформированного состояния (далее НДС); - Обзор методов определения НДС и их применимости в различных условиях; - Прогноз НДС на основе литолого-структурного строения
1642,1645,НДС,Metric:НДС,specific,Metric,ontology,НДС,underground:StressStrainState,underground_mining,exact_phrase,,,1.0,0,рений для определения напряженнодеформированного состояния (далее НДС); - Обзор методов определения НДС и их применимости в различных условиях; - Прогноз НДС на основе литолого-структурного строения Нори
1696,1699,НДС,Metric:НДС,specific,Metric,ontology,НДС,underground:StressStrainState,underground_mining,exact_phrase,,,1.0,0,"яния (далее НДС); - Обзор методов определения НДС и их применимости в различных условиях; - Прогноз НДС на основе литолого-структурного строения Норильского района и, в частности, Талнахского месторожден"
1741,1752,Норильского,MineObject,generic,MineObject,heuristic_word,,,,,,,0.85,1,"НДС и их применимости в различных условиях; - Прогноз НДС на основе литолого-структурного строения Норильского района и, в частности, Талнахского месторождения; - Постановка задачи для измерения НДС и обоснован"
1776,1801,Талнахского месторождения,MineObject,generic,MineObject,heuristic_phrase,,,,,,,0.55,2,"условиях; - Прогноз НДС на основе литолого-структурного строения Норильского района и, в частности, Талнахского месторождения; - Постановка задачи для измерения НДС и обоснование параметров метода с использованием численного"
1827,1836,измерения,Process,generic,Process,heuristic_word,,,,,,,0.85,4,"ного строения Норильского района и, в частности, Талнахского месторождения; - Постановка задачи для измерения НДС и обоснование параметров метода с использованием численного моделирования в CAE Fidesys; - Оцен"
1837,1840,НДС,Metric:НДС,specific,Metric,ontology,НДС,underground:StressStrainState,underground_mining,exact_phrase,,,1.0,0,"ния Норильского района и, в частности, Талнахского месторождения; - Постановка задачи для измерения НДС и обоснование параметров метода с использованием численного моделирования в CAE Fidesys; - Оценка з"
1866,1872,метода,Method,generic,Method,heuristic_word,,,,,,,0.85,4,"астности, Талнахского месторождения; - Постановка задачи для измерения НДС и обоснование параметров метода с использованием численного моделирования в CAE Fidesys; - Оценка зоны влияния выработки на НДС мас"
1875,1914,использованием численного моделирования,Model,generic,Model,heuristic_phrase,,,,,,,0.55,3,Талнахского месторождения; - Постановка задачи для измерения НДС и обоснование параметров метода с использованием численного моделирования в CAE Fidesys; - Оценка зоны влияния выработки на НДС массива с использованием численного моделиров
1917,1928,CAE Fidesys,Equipment,generic,Equipment,heuristic_phrase,,,,,,,0.55,3,адачи для измерения НДС и обоснование параметров метода с использованием численного моделирования в CAE Fidesys; - Оценка зоны влияния выработки на НДС массива с использованием численного моделирования; - Опреде
1944,1961,влияния выработки,Condition,generic,Condition,heuristic_phrase,,,,,,,0.55,2,боснование параметров метода с использованием численного моделирования в CAE Fidesys; - Оценка зоны влияния выработки на НДС массива с использованием численного моделирования; - Определение необходимой глубины бурения
1965,1968,НДС,Metric:НДС,specific,Metric,ontology,НДС,underground:StressStrainState,underground_mining,exact_phrase,,,1.0,0,метода с использованием численного моделирования в CAE Fidesys; - Оценка зоны влияния выработки на НДС массива с использованием численного моделирования; - Определение необходимой глубины бурения скважи
1969,1976,массива,RockMass,generic,RockMass,heuristic_word,,,,,,,0.85,5,"ода с использованием численного моделирования в CAE Fidesys; - Оценка зоны влияния выработки на НДС массива с использованием численного моделирования; - Определение необходимой глубины бурения скважин, обесп"
1979,2018,использованием численного моделирования,Model,generic,Model,heuristic_phrase,,,,,,,0.55,3,"льзованием численного моделирования в CAE Fidesys; - Оценка зоны влияния выработки на НДС массива с использованием численного моделирования; - Определение необходимой глубины бурения скважин, обеспечивающую отсутствие влияния выработки на"
2046,2053,глубины,Parameter,generic,Parameter,heuristic_word,,,,,,,0.85,2,"ияния выработки на НДС массива с использованием численного моделирования; - Определение необходимой глубины бурения скважин, обеспечивающую отсутствие влияния выработки на проводимые измерения; - Оценка возм"
2054,2069,бурения скважин,Process,generic,Process,heuristic_phrase,,,,,,,0.55,2,"работки на НДС массива с использованием численного моделирования; - Определение необходимой глубины бурения скважин, обеспечивающую отсутствие влияния выработки на проводимые измерения; - Оценка возможности развития"
2086,2104,отсутствие влияния,Result,generic,Result,heuristic_phrase,,,,,,,0.55,2,"ованием численного моделирования; - Определение необходимой глубины бурения скважин, обеспечивающую отсутствие влияния выработки на проводимые измерения; - Оценка возможности развития пластических деформаций, приводящи"
2105,2114,выработки,MineObject,generic,MineObject,heuristic_word,,,,,,,0.85,5,"моделирования; - Определение необходимой глубины бурения скважин, обеспечивающую отсутствие влияния выработки на проводимые измерения; - Оценка возможности развития пластических деформаций, приводящих к разруш"
2129,2138,измерения,Process,generic,Process,heuristic_word,,,,,,,0.85,4,"ение необходимой глубины бурения скважин, обеспечивающую отсутствие влияния выработки на проводимые измерения; - Оценка возможности развития пластических деформаций, приводящих к разрушению керна и корректные"
2161,2193,развития пластических деформаций,Condition,generic,Condition,heuristic_phrase,,,,,,,0.55,2,"скважин, обеспечивающую отсутствие влияния выработки на проводимые измерения; - Оценка возможности развития пластических деформаций, приводящих к разрушению керна и корректные места установки экстензометров в измерительном шпуре; -"
2208,2218,разрушению,Result,generic,Result,heuristic_word,,,,,,,0.85,1,"аботки на проводимые измерения; - Оценка возможности развития пластических деформаций, приводящих к разрушению керна и корректные места установки экстензометров в измерительном шпуре; - Интерпретация результато"
2219,2224,керна,Material,generic,Material,heuristic_word,,,,,,,0.85,20,"роводимые измерения; - Оценка возможности развития пластических деформаций, приводящих к разрушению керна и корректные места установки экстензометров в измерительном шпуре; - Интерпретация результатов изме"
2244,2268,установки экстензометров,Equipment,generic,Equipment,heuristic_phrase,,,,,,,0.55,2,"енка возможности развития пластических деформаций, приводящих к разрушению керна и корректные места установки экстензометров в измерительном шпуре; - Интерпретация результатов измерений напряженно деформированного состояния"
2294,2319,Интерпретация результатов,Process,generic,Process,heuristic_phrase,,,,,,,0.55,2,приводящих к разрушению керна и корректные места установки экстензометров в измерительном шпуре; - Интерпретация результатов измерений напряженно деформированного состояния с использованием численного моделирования в CAE Fid
2320,2329,измерений,Process,generic,Process,heuristic_word,,,,,,,0.85,5,ерна и корректные места установки экстензометров в измерительном шпуре; - Интерпретация результатов измерений напряженно деформированного состояния с использованием численного моделирования в CAE Fidesys . <!
2330,2367,напряженно деформированного состояния,Property,generic,Property,heuristic_phrase,,,,,,,0.55,3,ректные места установки экстензометров в измерительном шпуре; - Интерпретация результатов измерений напряженно деформированного состояния с использованием численного моделирования в CAE Fidesys . <!-- image --> ## Зачем нам знание о по
2370,2409,использованием численного моделирования,Model,generic,Model,heuristic_phrase,,,,,,,0.55,3,измерительном шпуре; - Интерпретация результатов измерений напряженно деформированного состояния с использованием численного моделирования в CAE Fidesys . <!-- image --> ## Зачем нам знание о поле напряжений Рекомендации ISRM по постро
2412,2423,CAE Fidesys,Equipment,generic,Equipment,heuristic_phrase,,,,,,,0.55,3,льтатов измерений напряженно деформированного состояния с использованием численного моделирования в CAE Fidesys . <!-- image --> ## Зачем нам знание о поле напряжений Рекомендации ISRM по построению модели на
2465,2480,поле напряжений,Property,generic,Property,heuristic_phrase,,,,,,,0.55,3,ия с использованием численного моделирования в CAE Fidesys . <!-- image --> ## Зачем нам знание о поле напряжений Рекомендации ISRM по построению модели напряженно деформированного состояния <!-- image --> <!--
2482,2494,Рекомендации,Recommendation,generic,Recommendation,heuristic_word,,,,,,,0.85,1,ем численного моделирования в CAE Fidesys . <!-- image --> ## Зачем нам знание о поле напряжений Рекомендации ISRM по построению модели напряженно деформированного состояния <!-- image --> <!-- image --> <!
2495,2499,ISRM,Method,generic,Method,heuristic_word,,,,,,,0.75,1,моделирования в CAE Fidesys . <!-- image --> ## Зачем нам знание о поле напряжений Рекомендации ISRM по построению модели напряженно деформированного состояния <!-- image --> <!-- image --> <!-- im
2514,2520,модели,Model,generic,Model,heuristic_word,,,,,,,0.85,1,E Fidesys . <!-- image --> ## Зачем нам знание о поле напряжений Рекомендации ISRM по построению модели напряженно деформированного состояния <!-- image --> <!-- image --> <!-- image --> <!-- image -
2521,2558,напряженно деформированного состояния,Property,generic,Property,heuristic_phrase,,,,,,,0.55,3,ys . <!-- image --> ## Зачем нам знание о поле напряжений Рекомендации ISRM по построению модели напряженно деформированного состояния <!-- image --> <!-- image --> <!-- image --> <!-- image --> <!-- image --> ## Определяемые ко
2667,2674,тензора,Property,generic,Property,heuristic_word,,,,,,,0.85,1,age --> <!-- image --> <!-- image --> <!-- image --> <!-- image --> ## Определяемые компоненты тензора напряжений в различных методах <!-- image --> ## Метод гидродомкратов <!-- image --> ## Метод г
2675,2685,напряжений,Property,generic,Property,heuristic_word,,,,,,,0.85,13,<!-- image --> <!-- image --> <!-- image --> <!-- image --> ## Определяемые компоненты тензора напряжений в различных методах <!-- image --> ## Метод гидродомкратов <!-- image --> ## Метод гидроразрыва
2732,2746,гидродомкратов,Method,generic,Method,heuristic_word,,,,,,,0.85,1,ge --> ## Определяемые компоненты тензора напряжений в различных методах <!-- image --> ## Метод гидродомкратов <!-- image --> ## Метод гидроразрыва <!-- image --> Метод полной разгрузки керна с применением
2773,2785,гидроразрыва,Method,generic,Method,heuristic_word,,,,,,,0.85,1,а напряжений в различных методах <!-- image --> ## Метод гидродомкратов <!-- image --> ## Метод гидроразрыва <!-- image --> Метод полной разгрузки керна с применением скважинного деформометра . По трем сква
2803,2831,Метод полной разгрузки керна,Method,generic,Method,heuristic_phrase,,,,,,,0.55,6,ах <!-- image --> ## Метод гидродомкратов <!-- image --> ## Метод гидроразрыва <!-- image --> Метод полной разгрузки керна с применением скважинного деформометра . По трем скважинам <!-- image --> <!-- image --> Метод п
2858,2870,деформометра,Equipment,generic,Equipment,heuristic_word,,,,,,,0.85,1,--> ## Метод гидроразрыва <!-- image --> Метод полной разгрузки керна с применением скважинного деформометра . По трем скважинам <!-- image --> <!-- image --> Метод полной разгрузки керна с применением тен
2924,2952,Метод полной разгрузки керна,Method,generic,Method,heuristic_phrase,,,,,,,0.55,6,и керна с применением скважинного деформометра . По трем скважинам <!-- image --> <!-- image --> Метод полной разгрузки керна с применением тензодатчиков. По одной скважине <!-- image --> <!-- image --> <!-- image --> Мет
2967,2980,тензодатчиков,Equipment,generic,Equipment,heuristic_word,,,,,,,0.85,1,тра . По трем скважинам <!-- image --> <!-- image --> Метод полной разгрузки керна с применением тензодатчиков. По одной скважине <!-- image --> <!-- image --> <!-- image --> Метод DRA Deformation Rate Anal
3055,3058,DRA,Method,generic,Method,heuristic_word,,,,,,,0.85,1,применением тензодатчиков. По одной скважине <!-- image --> <!-- image --> <!-- image --> Метод DRA Deformation Rate Analysis. Анализ скорости деформирования и накопления пластических деформаций. <!
3130,3153,пластических деформаций,Condition,generic,Condition,heuristic_phrase,,,,,,,0.55,3,> <!-- image --> Метод DRA Deformation Rate Analysis. Анализ скорости деформирования и накопления пластических деформаций. <!-- image --> ## Применимость методов определения НДС и ограничения. <!-- image --> <!-- imag
3188,3207,методов определения,Method,generic,Method,heuristic_phrase,,,,,,,0.55,2,ализ скорости деформирования и накопления пластических деформаций. <!-- image --> ## Применимость методов определения НДС и ограничения. <!-- image --> <!-- image --> <!-- image --> ## Метод полной разгрузки керна
3208,3211,НДС,Metric:НДС,specific,Metric,ontology,НДС,underground:StressStrainState,underground_mining,exact_phrase,,,1.0,0,ирования и накопления пластических деформаций. <!-- image --> ## Применимость методов определения НДС и ограничения. <!-- image --> <!-- image --> <!-- image --> ## Метод полной разгрузки керна Ove
3279,3318,Метод полной разгрузки керна Overcoring,Method,generic,Method,heuristic_phrase,,,,,,,0.55,4,енимость методов определения НДС и ограничения. <!-- image --> <!-- image --> <!-- image --> ## Метод полной разгрузки керна Overcoring. Измерение перемещений экстензометрами USBM Cell -Трехкомпонентный скважинный деформометр. Произво
3320,3329,Измерение,Process,generic,Process,heuristic_word,,,,,,,0.85,3,чения. <!-- image --> <!-- image --> <!-- image --> ## Метод полной разгрузки керна Overcoring. Измерение перемещений экстензометрами USBM Cell -Трехкомпонентный скважинный деформометр. Производства Geoko
3330,3341,перемещений,Property,generic,Property,heuristic_word,,,,,,,0.85,2,-- image --> <!-- image --> <!-- image --> ## Метод полной разгрузки керна Overcoring. Измерение перемещений экстензометрами USBM Cell -Трехкомпонентный скважинный деформометр. Производства Geokon (США). Рек
3359,3363,USBM,Equipment,generic,Equipment,heuristic_word,,,,,,,0.65,1,<!-- image --> ## Метод полной разгрузки керна Overcoring. Измерение перемещений экстензометрами USBM Cell -Трехкомпонентный скважинный деформометр. Производства Geokon (США). Рекомендован стандартом A
3387,3409,скважинный деформометр,Equipment,generic,Equipment,heuristic_phrase,,,,,,,0.55,2,лной разгрузки керна Overcoring. Измерение перемещений экстензометрами USBM Cell -Трехкомпонентный скважинный деформометр. Производства Geokon (США). Рекомендован стандартом ASTM D4623-2016 Standard Test Method for Determ
3424,3430,Geokon,Equipment,generic,Equipment,heuristic_word,,,,,,,0.85,1,рение перемещений экстензометрами USBM Cell -Трехкомпонентный скважинный деформометр. Производства Geokon (США). Рекомендован стандартом ASTM D4623-2016 Standard Test Method for Determination of In Situ St
3432,3435,США,Organization,generic,Organization,heuristic_word,,,,,,,0.85,1,ремещений экстензометрами USBM Cell -Трехкомпонентный скважинный деформометр. Производства Geokon (США). Рекомендован стандартом ASTM D4623-2016 Standard Test Method for Determination of In Situ Stress
3438,3450,Рекомендован,Recommendation,generic,Recommendation,heuristic_word,,,,,,,0.85,1,ний экстензометрами USBM Cell -Трехкомпонентный скважинный деформометр. Производства Geokon (США). Рекомендован стандартом ASTM D4623-2016 Standard Test Method for Determination of In Situ Stress in Rock Mass by
3462,3466,ASTM,Method,generic,Method,heuristic_word,,,,,,,0.75,1,M Cell -Трехкомпонентный скважинный деформометр. Производства Geokon (США). Рекомендован стандартом ASTM D4623-2016 Standard Test Method for Determination of In Situ Stress in Rock Mass by Overcoring Meth
3528,3534,Stress,Parameter:напряжение,specific,Parameter,ontology,напряжение,underground:Stress,underground_mining,exact_phrase,,,1.0,0,on (США). Рекомендован стандартом ASTM D4623-2016 Standard Test Method for Determination of In Situ Stress in Rock Mass by Overcoring Method— d—T —Three Component Borehole Deformation Gauge <!-- image -->
3538,3547,Rock Mass,RockMass:горный массив,specific,RockMass,ontology,горный массив,underground:RockMass,underground_mining,exact_phrase,,,1.0,0,Рекомендован стандартом ASTM D4623-2016 Standard Test Method for Determination of In Situ Stress in Rock Mass by Overcoring Method— d—T —Three Component Borehole Deformation Gauge <!-- image --> IST tool. 8
3551,3561,Overcoring,Method,generic,Method,heuristic_word,,,,,,,0.85,5,стандартом ASTM D4623-2016 Standard Test Method for Determination of In Situ Stress in Rock Mass by Overcoring Method— d—T —Three Component Borehole Deformation Gauge <!-- image --> IST tool. 8 канальный безп
3670,3692,скважинный деформометр,Equipment,generic,Equipment,heuristic_phrase,,,,,,,0.55,2,"d—T —Three Component Borehole Deformation Gauge <!-- image --> IST tool. 8 канальный безпроводной скважинный деформометр . Производства , Sygra Pty Ltd and Mr. Ian Gray (Австралия) <!-- image --> <!-- image --> <!-- i"
3710,3715,Sygra,Organization,generic,Organization,heuristic_word,,,,,,,0.85,1,"n Gauge <!-- image --> IST tool. 8 канальный безпроводной скважинный деформометр . Производства , Sygra Pty Ltd and Mr. Ian Gray (Австралия) <!-- image --> <!-- image --> <!-- image --> <!-- image --"
3736,3740,Gray,Expert,generic,Expert,heuristic_word,,,,,,,0.85,1,"ST tool. 8 канальный безпроводной скважинный деформометр . Производства , Sygra Pty Ltd and Mr. Ian Gray (Австралия) <!-- image --> <!-- image --> <!-- image --> <!-- image --> <!-- image --> ## Мет"
3742,3751,Австралия,Organization,generic,Organization,heuristic_word,,,,,,,0.85,1,"l. 8 канальный безпроводной скважинный деформометр . Производства , Sygra Pty Ltd and Mr. Ian Gray (Австралия) <!-- image --> <!-- image --> <!-- image --> <!-- image --> <!-- image --> ## Метод полной р"
3837,3876,Метод полной разгрузки керна Overcoring,Method,generic,Method,heuristic_phrase,,,,,,,0.55,4,ray (Австралия) <!-- image --> <!-- image --> <!-- image --> <!-- image --> <!-- image --> ## Метод полной разгрузки керна Overcoring. Измерение деформаций тензодатчиками <!-- image --> ## Метод полной разгрузки керна Overcoring на
3878,3887,Измерение,Process,generic,Process,heuristic_word,,,,,,,0.85,3,ge --> <!-- image --> <!-- image --> <!-- image --> ## Метод полной разгрузки керна Overcoring. Измерение деформаций тензодатчиками <!-- image --> ## Метод полной разгрузки керна Overcoring на контуре. И
3888,3898,деформаций,Property,generic,Property,heuristic_word,,,,,,,0.85,8,-- image --> <!-- image --> <!-- image --> ## Метод полной разгрузки керна Overcoring. Измерение деформаций тензодатчиками <!-- image --> ## Метод полной разгрузки керна Overcoring на контуре. Измерение LV
3934,3973,Метод полной разгрузки керна Overcoring,Method,generic,Method,heuristic_phrase,,,,,,,0.55,4,## Метод полной разгрузки керна Overcoring. Измерение деформаций тензодатчиками <!-- image --> ## Метод полной разгрузки керна Overcoring на контуре. Измерение LVDT датчиками <!-- image --> <!-- image --> <!-- image --> Бурение пилот
3986,3995,Измерение,Process,generic,Process,heuristic_word,,,,,,,0.85,3,е деформаций тензодатчиками <!-- image --> ## Метод полной разгрузки керна Overcoring на контуре. Измерение LVDT датчиками <!-- image --> <!-- image --> <!-- image --> Бурение пилотной скважины и разгруз
3996,4000,LVDT,Equipment,generic,Equipment,heuristic_word,,,,,,,0.85,1,ий тензодатчиками <!-- image --> ## Метод полной разгрузки керна Overcoring на контуре. Измерение LVDT датчиками <!-- image --> <!-- image --> <!-- image --> Бурение пилотной скважины и разгрузка ке
4060,4067,Бурение,Process,generic,Process,heuristic_word,,,,,,,0.85,3,на Overcoring на контуре. Измерение LVDT датчиками <!-- image --> <!-- image --> <!-- image --> Бурение пилотной скважины и разгрузка керна <!-- image --> Съемка геометрии выработки <!-- image --> Чи
4068,4085,пилотной скважины,MineObject,generic,MineObject,heuristic_phrase,,,,,,,0.55,2,oring на контуре. Измерение LVDT датчиками <!-- image --> <!-- image --> <!-- image --> Бурение пилотной скважины и разгрузка керна <!-- image --> Съемка геометрии выработки <!-- image --> Численное моделирова
4088,4097,разгрузка,Process,generic,Process,heuristic_word,,,,,,,0.85,2,мерение LVDT датчиками <!-- image --> <!-- image --> <!-- image --> Бурение пилотной скважины и разгрузка керна <!-- image --> Съемка геометрии выработки <!-- image --> Численное моделирование <!-- im
4098,4103,керна,Material,generic,Material,heuristic_word,,,,,,,0.85,20,DT датчиками <!-- image --> <!-- image --> <!-- image --> Бурение пилотной скважины и разгрузка керна <!-- image --> Съемка геометрии выработки <!-- image --> Численное моделирование <!-- image --
4138,4147,выработки,MineObject,generic,MineObject,heuristic_word,,,,,,,0.85,5,--> <!-- image --> Бурение пилотной скважины и разгрузка керна <!-- image --> Съемка геометрии выработки <!-- image --> Численное моделирование <!-- image --> Верификация результатов <!-- image -->
4165,4188,Численное моделирование,Model,generic,Model,heuristic_phrase,,,,,,,0.55,6,ие пилотной скважины и разгрузка керна <!-- image --> Съемка геометрии выработки <!-- image --> Численное моделирование <!-- image --> Верификация результатов <!-- image --> <!-- image --> ## Проблемы и сложности п
4218,4229,результатов,Result,generic,Result,heuristic_word,,,,,,,0.85,4,> Съемка геометрии выработки <!-- image --> Численное моделирование <!-- image --> Верификация результатов <!-- image --> <!-- image --> ## Проблемы и сложности при измерениях. Высокие напряжения. <!--
4303,4321,Высокие напряжения,Condition,generic,Condition,heuristic_phrase,,,,,,,0.55,2,> Верификация результатов <!-- image --> <!-- image --> ## Проблемы и сложности при измерениях. Высокие напряжения. <!-- image --> <!-- image --> <!-- image --> ## Оборудование применяемое Институтом Гипроникел
4400,4422,Институтом Гипроникель,Organization,generic,Organization,heuristic_phrase,,,,,,,0.55,2,х. Высокие напряжения. <!-- image --> <!-- image --> <!-- image --> ## Оборудование применяемое Институтом Гипроникель <!-- image --> Тарировка осевого экстензометра Тарировка разгруженного образца с вклееным осевым
4440,4449,Тарировка,Process,generic,Process,heuristic_word,,,,,,,0.85,3,<!-- image --> <!-- image --> ## Оборудование применяемое Институтом Гипроникель <!-- image --> Тарировка осевого экстензометра Тарировка разгруженного образца с вклееным осевым экстензометром Тарировка
4458,4471,экстензометра,Equipment,generic,Equipment,heuristic_word,,,,,,,0.85,3,-- image --> ## Оборудование применяемое Институтом Гипроникель <!-- image --> Тарировка осевого экстензометра Тарировка разгруженного образца с вклееным осевым экстензометром Тарировка радиального 4 -х компо
4473,4482,Тарировка,Process,generic,Process,heuristic_word,,,,,,,0.85,3,# Оборудование применяемое Институтом Гипроникель <!-- image --> Тарировка осевого экстензометра Тарировка разгруженного образца с вклееным осевым экстензометром Тарировка радиального 4 -х компонентного эк
4497,4504,образца,Material,generic,Material,heuristic_word,,,,,,,0.85,1,ое Институтом Гипроникель <!-- image --> Тарировка осевого экстензометра Тарировка разгруженного образца с вклееным осевым экстензометром Тарировка радиального 4 -х компонентного экстензометра <!-- imag
4539,4548,Тарировка,Process,generic,Process,heuristic_word,,,,,,,0.85,3,Тарировка осевого экстензометра Тарировка разгруженного образца с вклееным осевым экстензометром Тарировка радиального 4 -х компонентного экстензометра <!-- image --> Осевой экстензометр Zetlab ZETT901 (Р
4580,4593,экстензометра,Equipment,generic,Equipment,heuristic_word,,,,,,,0.85,3,ка разгруженного образца с вклееным осевым экстензометром Тарировка радиального 4 -х компонентного экстензометра <!-- image --> Осевой экстензометр Zetlab ZETT901 (Россия) <!-- image --> 4 -х компонентный скв
4611,4630,Осевой экстензометр,Equipment,generic,Equipment,heuristic_phrase,,,,,,,0.55,2,еным осевым экстензометром Тарировка радиального 4 -х компонентного экстензометра <!-- image --> Осевой экстензометр Zetlab ZETT901 (Россия) <!-- image --> 4 -х компонентный скважинный экстензометр разработка Инсти
4631,4637,Zetlab,Equipment,generic,Equipment,heuristic_word,,,,,,,0.85,1,метром Тарировка радиального 4 -х компонентного экстензометра <!-- image --> Осевой экстензометр Zetlab ZETT901 (Россия) <!-- image --> 4 -х компонентный скважинный экстензометр разработка Института Ги
4638,4645,ZETT901,Equipment,generic,Equipment,heuristic_word,,,,,,,0.85,1,Тарировка радиального 4 -х компонентного экстензометра <!-- image --> Осевой экстензометр Zetlab ZETT901 (Россия) <!-- image --> 4 -х компонентный скважинный экстензометр разработка Института Гипроникел
4647,4653,Россия,Organization,generic,Organization,heuristic_word,,,,,,,0.85,1,а радиального 4 -х компонентного экстензометра <!-- image --> Осевой экстензометр Zetlab ZETT901 (Россия) <!-- image --> 4 -х компонентный скважинный экстензометр разработка Института Гипроникель <!--
4701,4713,экстензометр,Equipment,generic,Equipment,heuristic_word,,,,,,,0.85,4,mage --> Осевой экстензометр Zetlab ZETT901 (Россия) <!-- image --> 4 -х компонентный скважинный экстензометр разработка Института Гипроникель <!-- image --> ## Метод полной разгрузки керна Overcoring примен
4735,4746,Гипроникель,Organization,generic,Organization,heuristic_word,,,,,,,0.85,4,ab ZETT901 (Россия) <!-- image --> 4 -х компонентный скважинный экстензометр разработка Института Гипроникель <!-- image --> ## Метод полной разгрузки керна Overcoring применяемый Институтом Гипроникель Оди
4767,4806,Метод полной разгрузки керна Overcoring,Method,generic,Method,heuristic_phrase,,,,,,,0.55,4,--> 4 -х компонентный скважинный экстензометр разработка Института Гипроникель <!-- image --> ## Метод полной разгрузки керна Overcoring применяемый Институтом Гипроникель Один цикл буровых работ для одного измерения НДС включает следу
4819,4841,Институтом Гипроникель,Organization,generic,Organization,heuristic_phrase,,,,,,,0.55,2,ботка Института Гипроникель <!-- image --> ## Метод полной разгрузки керна Overcoring применяемый Институтом Гипроникель Один цикл буровых работ для одного измерения НДС включает следующую последовательность операций:
4878,4887,измерения,Process,generic,Process,heuristic_word,,,,,,,0.85,4,"й разгрузки керна Overcoring применяемый Институтом Гипроникель Один цикл буровых работ для одного измерения НДС включает следующую последовательность операций: - Разборка става HQ, установка коронки 45 мм;"
4888,4891,НДС,Metric:НДС,specific,Metric,ontology,НДС,underground:StressStrainState,underground_mining,exact_phrase,,,1.0,0,"и керна Overcoring применяемый Институтом Гипроникель Один цикл буровых работ для одного измерения НДС включает следующую последовательность операций: - Разборка става HQ, установка коронки 45 мм; - Бу"
4958,4960,HQ,Equipment,generic,Equipment,heuristic_word,,,,,,,0.65,4,"ых работ для одного измерения НДС включает следующую последовательность операций: - Разборка става HQ, установка коронки 45 мм; - Бурение соосного шпура длиной 300-400мм; - Разборка става, установка ба"
4962,4971,установка,Process,generic,Process,heuristic_word,,,,,,,0.85,4,"абот для одного измерения НДС включает следующую последовательность операций: - Разборка става HQ, установка коронки 45 мм; - Бурение соосного шпура длиной 300-400мм; - Разборка става, установка башмачной кор"
4972,4979,коронки,Equipment,generic,Equipment,heuristic_word,,,,,,,0.85,2,"дного измерения НДС включает следующую последовательность операций: - Разборка става HQ, установка коронки 45 мм; - Бурение соосного шпура длиной 300-400мм; - Разборка става, установка башмачной коронки HQ;"
4989,4996,Бурение,Process,generic,Process,heuristic_word,,,,,,,0.85,3,"ДС включает следующую последовательность операций: - Разборка става HQ, установка коронки 45 мм; - Бурение соосного шпура длиной 300-400мм; - Разборка става, установка башмачной коронки HQ; - Подача по буро"
5006,5011,шпура,MineObject,generic,MineObject,heuristic_word,,,,,,,0.85,3,"ющую последовательность операций: - Разборка става HQ, установка коронки 45 мм; - Бурение соосного шпура длиной 300-400мм; - Разборка става, установка башмачной коронки HQ; - Подача по буровому ставу виде"
5048,5057,установка,Process,generic,Process,heuristic_word,,,,,,,0.85,4,"рка става HQ, установка коронки 45 мм; - Бурение соосного шпура длиной 300-400мм; - Разборка става, установка башмачной коронки HQ; - Подача по буровому ставу видеоэндоскопа для контроля кондиций центрального"
5068,5075,коронки,Equipment,generic,Equipment,heuristic_word,,,,,,,0.85,2,"вка коронки 45 мм; - Бурение соосного шпура длиной 300-400мм; - Разборка става, установка башмачной коронки HQ; - Подача по буровому ставу видеоэндоскопа для контроля кондиций центрального соосного измерител"
5076,5078,HQ,Equipment,generic,Equipment,heuristic_word,,,,,,,0.65,4,"нки 45 мм; - Бурение соосного шпура длиной 300-400мм; - Разборка става, установка башмачной коронки HQ; - Подача по буровому ставу видеоэндоскопа для контроля кондиций центрального соосного измерительно"
5157,5186,соосного измерительного шпура,MineObject,generic,MineObject,heuristic_phrase,,,,,,,0.55,2,башмачной коронки HQ; - Подача по буровому ставу видеоэндоскопа для контроля кондиций центрального соосного измерительного шпура; - Установка осевого или радиального экстензометра в шпур; - Контроль времени полимеризации клея; -
5190,5199,Установка,Process,generic,Process,heuristic_word,,,,,,,0.85,4,о буровому ставу видеоэндоскопа для контроля кондиций центрального соосного измерительного шпура; - Установка осевого или радиального экстензометра в шпур; - Контроль времени полимеризации клея; - Пропускание
5224,5237,экстензометра,Equipment,generic,Equipment,heuristic_word,,,,,,,0.85,3,"я контроля кондиций центрального соосного измерительного шпура; - Установка осевого или радиального экстензометра в шпур; - Контроль времени полимеризации клея; - Пропускание проводов через став и сальник вертлюг,"
5240,5244,шпур,MineObject,generic,MineObject,heuristic_word,,,,,,,0.85,1,"ций центрального соосного измерительного шпура; - Установка осевого или радиального экстензометра в шпур; - Контроль времени полимеризации клея; - Пропускание проводов через став и сальник вертлюг, подклю"
5248,5256,Контроль,Process,generic,Process,heuristic_word,,,,,,,0.85,1,"рального соосного измерительного шпура; - Установка осевого или радиального экстензометра в шпур; - Контроль времени полимеризации клея; - Пропускание проводов через став и сальник вертлюг, подключение к тенз"
5265,5278,полимеризации,Process,generic,Process,heuristic_word,,,,,,,0.85,1,"измерительного шпура; - Установка осевого или радиального экстензометра в шпур; - Контроль времени полимеризации клея; - Пропускание проводов через став и сальник вертлюг, подключение к тензостанции; - Разбуриван"
5314,5318,став,Equipment,generic,Equipment,heuristic_word,,,,,,,0.85,1,"диального экстензометра в шпур; - Контроль времени полимеризации клея; - Пропускание проводов через став и сальник вертлюг, подключение к тензостанции; - Разбуривание керна; - Отрыв и извлечение керна. <"
5321,5328,сальник,Equipment,generic,Equipment,heuristic_word,,,,,,,0.85,1,"го экстензометра в шпур; - Контроль времени полимеризации клея; - Пропускание проводов через став и сальник вертлюг, подключение к тензостанции; - Разбуривание керна; - Отрыв и извлечение керна. <!-- image"
5329,5336,вертлюг,Equipment,generic,Equipment,heuristic_word,,,,,,,0.85,1,"нзометра в шпур; - Контроль времени полимеризации клея; - Пропускание проводов через став и сальник вертлюг, подключение к тензостанции; - Разбуривание керна; - Отрыв и извлечение керна. <!-- image --> <!-"
5368,5380,Разбуривание,Process,generic,Process,heuristic_word,,,,,,,0.85,1,"имеризации клея; - Пропускание проводов через став и сальник вертлюг, подключение к тензостанции; - Разбуривание керна; - Отрыв и извлечение керна. <!-- image --> <!-- image --> <!-- image --> <!-- image -->"
5381,5386,керна,Material,generic,Material,heuristic_word,,,,,,,0.85,20,"ея; - Пропускание проводов через став и сальник вертлюг, подключение к тензостанции; - Разбуривание керна; - Отрыв и извлечение керна. <!-- image --> <!-- image --> <!-- image --> <!-- image --> ## По"
5409,5414,керна,Material,generic,Material,heuristic_word,,,,,,,0.85,20,"ерез став и сальник вертлюг, подключение к тензостанции; - Разбуривание керна; - Отрыв и извлечение керна. <!-- image --> <!-- image --> <!-- image --> <!-- image --> ## Полевые работы с применением г"
5513,5532,геологоразведочного,Technology,generic,Technology,heuristic_word,,,,,,,0.85,1,"а. <!-- image --> <!-- image --> <!-- image --> <!-- image --> ## Полевые работы с применением геологоразведочного станка Разгруженный образец керна с вклееным датчиком. "" "" Ваза "" <!-- image --> <!-- image -->"
5554,5561,образец,Material,generic,Material,heuristic_word,,,,,,,0.85,1,"image --> <!-- image --> ## Полевые работы с применением геологоразведочного станка Разгруженный образец керна с вклееным датчиком. "" "" Ваза "" <!-- image --> <!-- image --> <!-- image --> <!-- image -"
5562,5567,керна,Material,generic,Material,heuristic_word,,,,,,,0.85,20,"> <!-- image --> ## Полевые работы с применением геологоразведочного станка Разгруженный образец керна с вклееным датчиком. "" "" Ваза "" <!-- image --> <!-- image --> <!-- image --> <!-- image --> ##"
5705,5723,Высокие напряжения,Condition,generic,Condition,heuristic_phrase,,,,,,,0.55,2,image --> <!-- image --> <!-- image --> <!-- image --> ## Проблемы и сложности при измерениях. Высокие напряжения и трещиноватость ## Интенсивное дискование керна при разгрузке вследствие высоких радиальных напря
5726,5740,трещиноватость,GeologicalFeature:трещиноватость,specific,GeologicalFeature,ontology,трещиноватость,underground:Fracturing,underground_mining,exact_phrase,,,1.0,0,e --> <!-- image --> <!-- image --> ## Проблемы и сложности при измерениях. Высокие напряжения и трещиноватость ## Интенсивное дискование керна при разгрузке вследствие высоких радиальных напряжений <!-- image
5757,5773,дискование керна,Result,generic,Result,heuristic_phrase,,,,,,,0.55,2,ge --> ## Проблемы и сложности при измерениях. Высокие напряжения и трещиноватость ## Интенсивное дискование керна при разгрузке вследствие высоких радиальных напряжений <!-- image --> Высокая трещиноватость масс
5818,5828,напряжений,Property,generic,Property,heuristic_word,,,,,,,0.85,13,жения и трещиноватость ## Интенсивное дискование керна при разгрузке вследствие высоких радиальных напряжений <!-- image --> Высокая трещиноватость массива. <!-- image --> <!-- image --> <!-- image --> #
5854,5868,трещиноватость,GeologicalFeature:трещиноватость,specific,GeologicalFeature,ontology,трещиноватость,underground:Fracturing,underground_mining,exact_phrase,,,1.0,0,ое дискование керна при разгрузке вследствие высоких радиальных напряжений <!-- image --> Высокая трещиноватость массива. <!-- image --> <!-- image --> <!-- image --> ## Локальное дискование керна Характерны
5869,5876,массива,RockMass,generic,RockMass,heuristic_word,,,,,,,0.85,5,ерна при разгрузке вследствие высоких радиальных напряжений <!-- image --> Высокая трещиноватость массива. <!-- image --> <!-- image --> <!-- image --> ## Локальное дискование керна Характерные пики н
5940,5956,дискование керна,Result,generic,Result,heuristic_phrase,,,,,,,0.55,2,--> Высокая трещиноватость массива. <!-- image --> <!-- image --> <!-- image --> ## Локальное дискование керна Характерные пики на кривой осевых перемещений при дисковании керна в процессе разгрузки <!-- imag
5992,6003,перемещений,Property,generic,Property,heuristic_word,,,,,,,0.85,2,> <!-- image --> <!-- image --> ## Локальное дискование керна Характерные пики на кривой осевых перемещений при дисковании керна в процессе разгрузки <!-- image --> <!-- image --> ## Прогноз НДС на основе
6008,6018,дисковании,Result,generic,Result,heuristic_word,,,,,,,0.85,1,> <!-- image --> ## Локальное дискование керна Характерные пики на кривой осевых перемещений при дисковании керна в процессе разгрузки <!-- image --> <!-- image --> ## Прогноз НДС на основе анализа основн
6019,6024,керна,Material,generic,Material,heuristic_word,,,,,,,0.85,20,ge --> ## Локальное дискование керна Характерные пики на кривой осевых перемещений при дисковании керна в процессе разгрузки <!-- image --> <!-- image --> ## Прогноз НДС на основе анализа основных стр
6036,6045,разгрузки,Process,generic,Process,heuristic_word,,,,,,,0.85,14,ное дискование керна Характерные пики на кривой осевых перемещений при дисковании керна в процессе разгрузки <!-- image --> <!-- image --> ## Прогноз НДС на основе анализа основных структур <!-- image -->
6090,6093,НДС,Metric:НДС,specific,Metric,ontology,НДС,underground:StressStrainState,underground_mining,exact_phrase,,,1.0,0,х перемещений при дисковании керна в процессе разгрузки <!-- image --> <!-- image --> ## Прогноз НДС на основе анализа основных структур <!-- image --> <!-- image --> - Анализ геологических структу
6112,6129,основных структур,GeologicalFeature,generic,GeologicalFeature,heuristic_phrase,,,,,,,0.55,2,"овании керна в процессе разгрузки <!-- image --> <!-- image --> ## Прогноз НДС на основе анализа основных структур <!-- image --> <!-- image --> - Анализ геологических структур различного ранга, показывает разде"
6186,6194,структур,GeologicalFeature,generic,GeologicalFeature,heuristic_word,,,,,,,0.85,3,"ноз НДС на основе анализа основных структур <!-- image --> <!-- image --> - Анализ геологических структур различного ранга, показывает разделение территории на крупные блоковые структуры и одновременное от"
6257,6265,блоковые,GeologicalFeature,generic,GeologicalFeature,heuristic_word,,,,,,,0.85,1,"--> - Анализ геологических структур различного ранга, показывает разделение территории на крупные блоковые структуры и одновременное отсутствие складчато -надвиговых поясов . - Данные выводы позволяют спрог"
6292,6302,отсутствие,Result,generic,Result,heuristic_word,,,,,,,0.85,3,"ур различного ранга, показывает разделение территории на крупные блоковые структуры и одновременное отсутствие складчато -надвиговых поясов . - Данные выводы позволяют спрогнозировать направления главных напряж"
6303,6312,складчато,GeologicalFeature,generic,GeologicalFeature,heuristic_word,,,,,,,0.85,1,"го ранга, показывает разделение территории на крупные блоковые структуры и одновременное отсутствие складчато -надвиговых поясов . - Данные выводы позволяют спрогнозировать направления главных напряжений из ге"
6314,6324,надвиговых,GeologicalFeature,generic,GeologicalFeature,heuristic_word,,,,,,,0.85,1,оказывает разделение территории на крупные блоковые структуры и одновременное отсутствие складчато -надвиговых поясов . - Данные выводы позволяют спрогнозировать направления главных напряжений из геолого-структ
6325,6331,поясов,GeologicalFeature,generic,GeologicalFeature,heuristic_word,,,,,,,0.85,2,азделение территории на крупные блоковые структуры и одновременное отсутствие складчато -надвиговых поясов . - Данные выводы позволяют спрогнозировать направления главных напряжений из геолого-структурных с
6343,6349,выводы,Result,generic,Result,heuristic_word,,,,,,,0.85,1,ии на крупные блоковые структуры и одновременное отсутствие складчато -надвиговых поясов . - Данные выводы позволяют спрогнозировать направления главных напряжений из геолого-структурных соображений: - Ввид
6396,6406,напряжений,Property,generic,Property,heuristic_word,,,,,,,0.85,13,тствие складчато -надвиговых поясов . - Данные выводы позволяют спрогнозировать направления главных напряжений из геолого-структурных соображений: - Ввиду отсутствия складчатонадвиговых поясов первое главное на
6482,6488,поясов,GeologicalFeature,generic,GeologicalFeature,heuristic_word,,,,,,,0.85,2,ления главных напряжений из геолого-структурных соображений: - Ввиду отсутствия складчатонадвиговых поясов первое главное напряжение σ1 со направленно с вертикальной осью . - НХР – главный структурный элеме
6504,6514,напряжение,Parameter:напряжение,specific,Parameter,ontology,напряжение,underground:Stress,underground_mining,exact_phrase,,,1.0,0,"ий из геолого-структурных соображений: - Ввиду отсутствия складчатонадвиговых поясов первое главное напряжение σ1 со направленно с вертикальной осью . - НХР – главный структурный элемент района, второе главное"
6557,6560,НХР,GeologicalFeature,generic,GeologicalFeature,heuristic_word,,,,,,,0.85,3,"твия складчатонадвиговых поясов первое главное напряжение σ1 со направленно с вертикальной осью . - НХР – главный структурный элемент района, второе главное напряжение σ2 (горизонтальное) направлено попе"
6614,6624,напряжение,Parameter:напряжение,specific,Parameter,ontology,напряжение,underground:Stress,underground_mining,exact_phrase,,,1.0,0,"σ1 со направленно с вертикальной осью . - НХР – главный структурный элемент района, второе главное напряжение σ2 (горизонтальное) направлено поперек НХР . - Третье главное напряжение направлено вдоль НХР σ3 ."
6664,6667,НХР,GeologicalFeature,generic,GeologicalFeature,heuristic_word,,,,,,,0.85,3,"лавный структурный элемент района, второе главное напряжение σ2 (горизонтальное) направлено поперек НХР . - Третье главное напряжение направлено вдоль НХР σ3 . <!-- image --> ## Разрывные нарушения и п"
6687,6697,напряжение,Parameter:напряжение,specific,Parameter,ontology,напряжение,underground:Stress,underground_mining,exact_phrase,,,1.0,0,"ент района, второе главное напряжение σ2 (горизонтальное) направлено поперек НХР . - Третье главное напряжение направлено вдоль НХР σ3 . <!-- image --> ## Разрывные нарушения и поле напряжений <!-- image -->"
6715,6718,НХР,GeologicalFeature,generic,GeologicalFeature,heuristic_word,,,,,,,0.85,3,апряжение σ2 (горизонтальное) направлено поперек НХР . - Третье главное напряжение направлено вдоль НХР σ3 . <!-- image --> ## Разрывные нарушения и поле напряжений <!-- image --> Физическое моделиро
6744,6753,Разрывные,GeologicalFeature,generic,GeologicalFeature,heuristic_word,,,,,,,0.85,1,направлено поперек НХР . - Третье главное напряжение направлено вдоль НХР σ3 . <!-- image --> ## Разрывные нарушения и поле напряжений <!-- image --> Физическое моделирование процесса формирования разрывн
6754,6763,нарушения,GeologicalFeature,generic,GeologicalFeature,heuristic_word,,,,,,,0.85,1,о поперек НХР . - Третье главное напряжение направлено вдоль НХР σ3 . <!-- image --> ## Разрывные нарушения и поле напряжений <!-- image --> Физическое моделирование процесса формирования разрывных нарушен
6766,6781,поле напряжений,Property,generic,Property,heuristic_phrase,,,,,,,0.55,3,"Р . - Третье главное напряжение направлено вдоль НХР σ3 . <!-- image --> ## Разрывные нарушения и поле напряжений <!-- image --> Физическое моделирование процесса формирования разрывных нарушений (Горсты, грабен"
6810,6832,моделирование процесса,Process,generic,Process,heuristic_phrase,,,,,,,0.55,5,"доль НХР σ3 . <!-- image --> ## Разрывные нарушения и поле напряжений <!-- image --> Физическое моделирование процесса формирования разрывных нарушений (Горсты, грабены), характерных для Талнахского рудного узла. (Исто"
6867,6873,Горсты,GeologicalFeature,generic,GeologicalFeature,heuristic_word,,,,,,,0.85,1,"оле напряжений <!-- image --> Физическое моделирование процесса формирования разрывных нарушений (Горсты, грабены), характерных для Талнахского рудного узла. (Источник видео не известен) <!-- image -->"
6875,6882,грабены,GeologicalFeature,generic,GeologicalFeature,heuristic_word,,,,,,,0.85,1,"яжений <!-- image --> Физическое моделирование процесса формирования разрывных нарушений (Горсты, грабены), характерных для Талнахского рудного узла. (Источник видео не известен) <!-- image --> <!-- imag"
6901,6912,Талнахского,MineObject,generic,MineObject,heuristic_word,,,,,,,0.85,3,"зическое моделирование процесса формирования разрывных нарушений (Горсты, грабены), характерных для Талнахского рудного узла. (Источник видео не известен) <!-- image --> <!-- image --> ## Численное моделирова"
6913,6920,рудного,MineObject,generic,MineObject,heuristic_word,,,,,,,0.85,1,"елирование процесса формирования разрывных нарушений (Горсты, грабены), характерных для Талнахского рудного узла. (Источник видео не известен) <!-- image --> <!-- image --> ## Численное моделирование проц"
6921,6925,узла,MineObject,generic,MineObject,heuristic_word,,,,,,,0.85,1,"ие процесса формирования разрывных нарушений (Горсты, грабены), характерных для Талнахского рудного узла. (Источник видео не известен) <!-- image --> <!-- image --> ## Численное моделирование процесса"
6992,7034,Численное моделирование процесса разгрузки,Process,generic,Process,heuristic_phrase,,,,,,,0.55,4,рных для Талнахского рудного узла. (Источник видео не известен) <!-- image --> <!-- image --> ## Численное моделирование процесса разгрузки В качестве примера рассмотрим случай подготовки к работам по применению метода разгрузки с централ
7108,7114,метода,Method,generic,Method,heuristic_word,,,,,,,0.85,4,"рование процесса разгрузки В качестве примера рассмотрим случай подготовки к работам по применению метода разгрузки с центральной скважиной, во время которого зона влияния определена с помощью метода конеч"
7115,7124,разгрузки,Process,generic,Process,heuristic_word,,,,,,,0.85,14,"процесса разгрузки В качестве примера рассмотрим случай подготовки к работам по применению метода разгрузки с центральной скважиной, во время которого зона влияния определена с помощью метода конечных элемен"
7153,7158,время,Parameter,generic,Parameter,heuristic_word,,,,,,,0.85,1,"а рассмотрим случай подготовки к работам по применению метода разгрузки с центральной скважиной, во время которого зона влияния определена с помощью метода конечных элементов в CAE Fidesys . <!-- image --"
7173,7180,влияния,Condition,generic,Condition,heuristic_word,,,,,,,0.85,7,"подготовки к работам по применению метода разгрузки с центральной скважиной, во время которого зона влияния определена с помощью метода конечных элементов в CAE Fidesys . <!-- image --> <!-- image --> ##"
7202,7208,метода,Method,generic,Method,heuristic_word,,,,,,,0.85,4,"нению метода разгрузки с центральной скважиной, во время которого зона влияния определена с помощью метода конечных элементов в CAE Fidesys . <!-- image --> <!-- image --> ## Численное моделирование проц"
7209,7217,конечных,Model,generic,Model,heuristic_word,,,,,,,0.85,1,"етода разгрузки с центральной скважиной, во время которого зона влияния определена с помощью метода конечных элементов в CAE Fidesys . <!-- image --> <!-- image --> ## Численное моделирование процесса разг"
7218,7227,элементов,Model,generic,Model,heuristic_word,,,,,,,0.85,1,"грузки с центральной скважиной, во время которого зона влияния определена с помощью метода конечных элементов в CAE Fidesys . <!-- image --> <!-- image --> ## Численное моделирование процесса разгрузки <!-"
7230,7241,CAE Fidesys,Equipment,generic,Equipment,heuristic_phrase,,,,,,,0.55,3,"тральной скважиной, во время которого зона влияния определена с помощью метода конечных элементов в CAE Fidesys . <!-- image --> <!-- image --> ## Численное моделирование процесса разгрузки <!-- image --> <"
7280,7322,Численное моделирование процесса разгрузки,Process,generic,Process,heuristic_phrase,,,,,,,0.55,4,определена с помощью метода конечных элементов в CAE Fidesys . <!-- image --> <!-- image --> ## Численное моделирование процесса разгрузки <!-- image --> <!-- image --> Производится моделирование бурения скважины диаметром HQ (96 мм) н
7369,7382,моделирование,Process,generic,Process,heuristic_word,,,,,,,0.85,9,"ge --> ## Численное моделирование процесса разгрузки <!-- image --> <!-- image --> Производится моделирование бурения скважины диаметром HQ (96 мм) на глубину 10 м, для оценки влияния горной выработки на НДС ."
7391,7399,скважины,MineObject,generic,MineObject,heuristic_word,,,,,,,0.85,8,"оделирование процесса разгрузки <!-- image --> <!-- image --> Производится моделирование бурения скважины диаметром HQ (96 мм) на глубину 10 м, для оценки влияния горной выработки на НДС . Процесс бурения"
7400,7412,диаметром HQ,Parameter,generic,Parameter,heuristic_phrase,,,,,,,0.55,2,"ние процесса разгрузки <!-- image --> <!-- image --> Производится моделирование бурения скважины диаметром HQ (96 мм) на глубину 10 м, для оценки влияния горной выработки на НДС . Процесс бурения скважин пред"
7421,7436,на глубину 10 м,Parameter:глубина=10 м,specific,Parameter,ontology_value,глубина,underground:Depth,underground_mining,parameter_value,10,м,1.0,0,"и <!-- image --> <!-- image --> Производится моделирование бурения скважины диаметром HQ (96 мм) на глубину 10 м, для оценки влияния горной выработки на НДС . Процесс бурения скважин предусматривает отбор керна"
7449,7473,влияния горной выработки,Condition,generic,Condition,heuristic_phrase,,,,,,,0.55,2,"e --> Производится моделирование бурения скважины диаметром HQ (96 мм) на глубину 10 м, для оценки влияния горной выработки на НДС . Процесс бурения скважин предусматривает отбор керна диаметром HQ для определения деформац"
7477,7480,НДС,Metric:НДС,specific,Metric,ontology,НДС,underground:StressStrainState,underground_mining,exact_phrase,,,1.0,0,"вание бурения скважины диаметром HQ (96 мм) на глубину 10 м, для оценки влияния горной выработки на НДС . Процесс бурения скважин предусматривает отбор керна диаметром HQ для определения деформационных"
7492,7507,бурения скважин,Process,generic,Process,heuristic_phrase,,,,,,,0.55,2,"кважины диаметром HQ (96 мм) на глубину 10 м, для оценки влияния горной выработки на НДС . Процесс бурения скважин предусматривает отбор керна диаметром HQ для определения деформационных характеристик . Численное"
7524,7529,отбор,Process,generic,Process,heuristic_word,,,,,,,0.85,1,"глубину 10 м, для оценки влияния горной выработки на НДС . Процесс бурения скважин предусматривает отбор керна диаметром HQ для определения деформационных характеристик . Численное моделирование показыва"
7530,7545,керна диаметром,Material,generic,Material,heuristic_phrase,,,,,,,0.55,2,"у 10 м, для оценки влияния горной выработки на НДС . Процесс бурения скважин предусматривает отбор керна диаметром HQ для определения деформационных характеристик . Численное моделирование показывает отсутствие вл"
7546,7548,HQ,Equipment,generic,Equipment,heuristic_word,,,,,,,0.65,4,ки влияния горной выработки на НДС . Процесс бурения скважин предусматривает отбор керна диаметром HQ для определения деформационных характеристик . Численное моделирование показывает отсутствие влиян
7597,7620,Численное моделирование,Model,generic,Model,heuristic_phrase,,,,,,,0.55,6,ия скважин предусматривает отбор керна диаметром HQ для определения деформационных характеристик . Численное моделирование показывает отсутствие влияния горной выработки на напряженнодеформированное состояние массива на гл
7632,7642,отсутствие,Result,generic,Result,heuristic_word,,,,,,,0.85,3,рна диаметром HQ для определения деформационных характеристик . Численное моделирование показывает отсутствие влияния горной выработки на напряженнодеформированное состояние массива на глубинах скважины 9 -12
7643,7667,влияния горной выработки,Condition,generic,Condition,heuristic_phrase,,,,,,,0.55,2,"ом HQ для определения деформационных характеристик . Численное моделирование показывает отсутствие влияния горной выработки на напряженнодеформированное состояние массива на глубинах скважины 9 -12 м . Это говорит, что глуб"
7697,7706,состояние,Property,generic,Property,heuristic_word,,,,,,,0.85,1,"Численное моделирование показывает отсутствие влияния горной выработки на напряженнодеформированное состояние массива на глубинах скважины 9 -12 м . Это говорит, что глубина скважины 10 м является оптимальной"
7707,7714,массива,RockMass,generic,RockMass,heuristic_word,,,,,,,0.85,5,"моделирование показывает отсутствие влияния горной выработки на напряженнодеформированное состояние массива на глубинах скважины 9 -12 м . Это говорит, что глубина скважины 10 м является оптимальной для нача"
7715,7743,на глубинах скважины 9 -12 м,Parameter:глубина=9-12 м,specific,Parameter,ontology_value,глубина,underground:Depth,underground_mining,parameter_value,9-12,м,1.0,0,"вание показывает отсутствие влияния горной выработки на напряженнодеформированное состояние массива на глубинах скважины 9 -12 м . Это говорит, что глубина скважины 10 м является оптимальной для начала проведения измерений на гл"
7763,7784,глубина скважины 10 м,Parameter:глубина=10 м,specific,Parameter,ontology_value,глубина,underground:Depth,underground_mining,parameter_value,10,м,1.0,0,"отки на напряженнодеформированное состояние массива на глубинах скважины 9 -12 м . Это говорит, что глубина скважины 10 м является оптимальной для начала проведения измерений на глубине 750 м . ## Численное моделирование"
7794,7805,оптимальной,Recommendation,generic,Recommendation,heuristic_word,,,,,,,0.85,1,"ое состояние массива на глубинах скважины 9 -12 м . Это говорит, что глубина скважины 10 м является оптимальной для начала проведения измерений на глубине 750 м . ## Численное моделирование процесса разгрузки"
7817,7837,проведения измерений,Process,generic,Process,heuristic_phrase,,,,,,,0.55,2,"глубинах скважины 9 -12 м . Это говорит, что глубина скважины 10 м является оптимальной для начала проведения измерений на глубине 750 м . ## Численное моделирование процесса разгрузки <!-- image --> <!-- image -->"
7838,7854,на глубине 750 м,Parameter:глубина=750 м,specific,Parameter,ontology_value,глубина,underground:Depth,underground_mining,parameter_value,750,м,1.0,0,"-12 м . Это говорит, что глубина скважины 10 м является оптимальной для начала проведения измерений на глубине 750 м . ## Численное моделирование процесса разгрузки <!-- image --> <!-- image --> При достижении тр"
7861,7903,Численное моделирование процесса разгрузки,Process,generic,Process,heuristic_phrase,,,,,,,0.55,4,о глубина скважины 10 м является оптимальной для начала проведения измерений на глубине 750 м . ## Численное моделирование процесса разгрузки <!-- image --> <!-- image --> При достижении требуемой глубины производится бурение соосного изм
7962,7969,глубины,Parameter,generic,Parameter,heuristic_word,,,,,,,0.85,2,"исленное моделирование процесса разгрузки <!-- image --> <!-- image --> При достижении требуемой глубины производится бурение соосного измерительного шпура коронкой меньшего диаметра 46 мм на глубину 0 ,"
7983,7990,бурение,Process,generic,Process,heuristic_word,,,,,,,0.85,3,"е процесса разгрузки <!-- image --> <!-- image --> При достижении требуемой глубины производится бурение соосного измерительного шпура коронкой меньшего диаметра 46 мм на глубину 0 , 4 м для установки экс"
7991,8020,соосного измерительного шпура,MineObject,generic,MineObject,heuristic_phrase,,,,,,,0.55,2,"са разгрузки <!-- image --> <!-- image --> При достижении требуемой глубины производится бурение соосного измерительного шпура коронкой меньшего диаметра 46 мм на глубину 0 , 4 м для установки экстензометров . <!-- image -->"
8054,8072,"на глубину 0 , 4 м",Parameter:глубина=0.4 м,specific,Parameter,ontology_value,глубина,underground:Depth,underground_mining,parameter_value,0.4,м,1.0,0,"ебуемой глубины производится бурение соосного измерительного шпура коронкой меньшего диаметра 46 мм на глубину 0 , 4 м для установки экстензометров . <!-- image --> Установка в пилотной скважине радиального или осево"
8077,8101,установки экстензометров,Equipment,generic,Equipment,heuristic_phrase,,,,,,,0.55,2,"дится бурение соосного измерительного шпура коронкой меньшего диаметра 46 мм на глубину 0 , 4 м для установки экстензометров . <!-- image --> Установка в пилотной скважине радиального или осевого экстензометров (датчиков п"
8121,8130,Установка,Process,generic,Process,heuristic_word,,,,,,,0.85,4,"коронкой меньшего диаметра 46 мм на глубину 0 , 4 м для установки экстензометров . <!-- image --> Установка в пилотной скважине радиального или осевого экстензометров (датчиков продольной или поперечной дефо"
8175,8189,экстензометров,Equipment,generic,Equipment,heuristic_word,,,,,,,0.85,3,я установки экстензометров . <!-- image --> Установка в пилотной скважине радиального или осевого экстензометров (датчиков продольной или поперечной деформации) . Осевой экстензометр фиксируется в шпуре фланцами
8191,8199,датчиков,Equipment,generic,Equipment,heuristic_word,,,,,,,0.85,2,ензометров . <!-- image --> Установка в пилотной скважине радиального или осевого экстензометров (датчиков продольной или поперечной деформации) . Осевой экстензометр фиксируется в шпуре фланцами при помощи
8247,8271,экстензометр фиксируется,Equipment,generic,Equipment,heuristic_phrase,,,,,,,0.55,2,ине радиального или осевого экстензометров (датчиков продольной или поперечной деформации) . Осевой экстензометр фиксируется в шпуре фланцами при помощи клеевой основы . Радиальный экстензометр фиксируется в шпуре так же на
8329,8353,экстензометр фиксируется,Equipment,generic,Equipment,heuristic_phrase,,,,,,,0.55,2,ормации) . Осевой экстензометр фиксируется в шпуре фланцами при помощи клеевой основы . Радиальный экстензометр фиксируется в шпуре так же на клей . Экстензометры устанавливаются на расстоянии 10 см от устья пилотной скважи
8438,8455,пилотной скважины,MineObject,generic,MineObject,heuristic_phrase,,,,,,,0.55,2,етр фиксируется в шпуре так же на клей . Экстензометры устанавливаются на расстоянии 10 см от устья пилотной скважины во избежание измерения напряжений на участке концентраций напряжений (сопряжение скважин разных диа
8469,8478,измерения,Process,generic,Process,heuristic_word,,,,,,,0.85,4,на клей . Экстензометры устанавливаются на расстоянии 10 см от устья пилотной скважины во избежание измерения напряжений на участке концентраций напряжений (сопряжение скважин разных диаметров) . <!-- image -
8479,8489,напряжений,Property,generic,Property,heuristic_word,,,,,,,0.85,13,Экстензометры устанавливаются на расстоянии 10 см от устья пилотной скважины во избежание измерения напряжений на участке концентраций напряжений (сопряжение скважин разных диаметров) . <!-- image --> Начало
8501,8513,концентраций,Condition,generic,Condition,heuristic_word,,,,,,,0.85,1,иваются на расстоянии 10 см от устья пилотной скважины во избежание измерения напряжений на участке концентраций напряжений (сопряжение скважин разных диаметров) . <!-- image --> Начало обуривания керна диаметр
8514,8524,напряжений,Property,generic,Property,heuristic_word,,,,,,,0.85,13,сстоянии 10 см от устья пилотной скважины во избежание измерения напряжений на участке концентраций напряжений (сопряжение скважин разных диаметров) . <!-- image --> Начало обуривания керна диаметром вокруг у
8537,8544,скважин,MineObject,generic,MineObject,heuristic_word,,,,,,,0.85,3,пилотной скважины во избежание измерения напряжений на участке концентраций напряжений (сопряжение скважин разных диаметров) . <!-- image --> Начало обуривания керна диаметром вокруг установленных датчико
8600,8615,керна диаметром,Material,generic,Material,heuristic_phrase,,,,,,,0.55,2,концентраций напряжений (сопряжение скважин разных диаметров) . <!-- image --> Начало обуривания керна диаметром вокруг установленных датчиков. Для наглядности буровая коронка на рисунке представлена прозрачной
8637,8645,датчиков,Equipment,generic,Equipment,heuristic_word,,,,,,,0.85,2,скважин разных диаметров) . <!-- image --> Начало обуривания керна диаметром вокруг установленных датчиков. Для наглядности буровая коронка на рисунке представлена прозрачной ## Численное моделирование про
8671,8678,коронка,Equipment,generic,Equipment,heuristic_word,,,,,,,0.85,1,image --> Начало обуривания керна диаметром вокруг установленных датчиков. Для наглядности буровая коронка на рисунке представлена прозрачной ## Численное моделирование процесса разгрузки <!-- image -->
8718,8760,Численное моделирование процесса разгрузки,Process,generic,Process,heuristic_phrase,,,,,,,0.55,4,круг установленных датчиков. Для наглядности буровая коронка на рисунке представлена прозрачной ## Численное моделирование процесса разгрузки <!-- image --> - Моделирование процесса обуривания выполнялось в 8 этапов с шагом в 5 см . - Как
8780,8802,Моделирование процесса,Process,generic,Process,heuristic_phrase,,,,,,,0.55,5,"а рисунке представлена прозрачной ## Численное моделирование процесса разгрузки <!-- image --> - Моделирование процесса обуривания выполнялось в 8 этапов с шагом в 5 см . - Как видно из рисунков, на разбуренном участке"
8830,8836,этапов,Parameter,generic,Parameter,heuristic_word,,,,,,,0.85,1,"делирование процесса разгрузки <!-- image --> - Моделирование процесса обуривания выполнялось в 8 этапов с шагом в 5 см . - Как видно из рисунков, на разбуренном участке керна напряжения падают до минимал"
8902,8907,керна,Material,generic,Material,heuristic_word,,,,,,,0.85,20,"обуривания выполнялось в 8 этапов с шагом в 5 см . - Как видно из рисунков, на разбуренном участке керна напряжения падают до минимальных значений -порядка 400 Па, при этом напряжения в массиве составляют"
8908,8918,напряжения,Property,generic,Property,heuristic_word,,,,,,,0.85,4,"вания выполнялось в 8 этапов с шагом в 5 см . - Как видно из рисунков, на разбуренном участке керна напряжения падают до минимальных значений -порядка 400 Па, при этом напряжения в массиве составляют порядка 15"
8976,8986,напряжения,Property,generic,Property,heuristic_word,,,,,,,0.85,4,"в, на разбуренном участке керна напряжения падают до минимальных значений -порядка 400 Па, при этом напряжения в массиве составляют порядка 15 МПа, что говорит о том, что выполняется разгрузка от напряжений . -"
9019,9022,МПа,Parameter,generic,Parameter,heuristic_word,,,,,,,0.85,1,"падают до минимальных значений -порядка 400 Па, при этом напряжения в массиве составляют порядка 15 МПа, что говорит о том, что выполняется разгрузка от напряжений . - В данном положении разгрузки достиг"
9059,9068,разгрузка,Process,generic,Process,heuristic_word,,,,,,,0.85,2,"400 Па, при этом напряжения в массиве составляют порядка 15 МПа, что говорит о том, что выполняется разгрузка от напряжений . - В данном положении разгрузки достигается пик деформаций ввиду концентрации напряж"
9072,9082,напряжений,Property,generic,Property,heuristic_word,,,,,,,0.85,13,"том напряжения в массиве составляют порядка 15 МПа, что говорит о том, что выполняется разгрузка от напряжений . - В данном положении разгрузки достигается пик деформаций ввиду концентрации напряжений <!-- ima"
9106,9115,разгрузки,Process,generic,Process,heuristic_word,,,,,,,0.85,14,"т порядка 15 МПа, что говорит о том, что выполняется разгрузка от напряжений . - В данном положении разгрузки достигается пик деформаций ввиду концентрации напряжений <!-- image --> <!-- image --> ## Резуль"
9132,9142,деформаций,Property,generic,Property,heuristic_word,,,,,,,0.85,8,"рит о том, что выполняется разгрузка от напряжений . - В данном положении разгрузки достигается пик деформаций ввиду концентрации напряжений <!-- image --> <!-- image --> ## Результаты моделирования <!-- im"
9162,9172,напряжений,Property,generic,Property,heuristic_word,,,,,,,0.85,13,грузка от напряжений . - В данном положении разгрузки достигается пик деформаций ввиду концентрации напряжений <!-- image --> <!-- image --> ## Результаты моделирования <!-- image --> <!-- image --> - Схе
9220,9233,моделирования,Model,generic,Model,heuristic_word,,,,,,,0.85,6,игается пик деформаций ввиду концентрации напряжений <!-- image --> <!-- image --> ## Результаты моделирования <!-- image --> <!-- image --> - Схема деформации керна при проходке внешней скважины . Зона инте
9269,9291,Схема деформации керна,Material,generic,Material,heuristic_phrase,,,,,,,0.55,2,ний <!-- image --> <!-- image --> ## Результаты моделирования <!-- image --> <!-- image --> - Схема деформации керна при проходке внешней скважины . Зона интенсивного изменения деформаций ограничена примерно тремя ра
9296,9321,проходке внешней скважины,Process,generic,Process,heuristic_phrase,,,,,,,0.55,2,"mage --> ## Результаты моделирования <!-- image --> <!-- image --> - Схема деформации керна при проходке внешней скважины . Зона интенсивного изменения деформаций ограничена примерно тремя радиусами скважины, что соответс"
9352,9362,деформаций,Property,generic,Property,heuristic_word,,,,,,,0.85,8,"!-- image --> - Схема деформации керна при проходке внешней скважины . Зона интенсивного изменения деформаций ограничена примерно тремя радиусами скважины, что соответствует общепринятым аналитическим представ"
9399,9407,скважины,MineObject,generic,MineObject,heuristic_word,,,,,,,0.85,8,"ходке внешней скважины . Зона интенсивного изменения деформаций ограничена примерно тремя радиусами скважины, что соответствует общепринятым аналитическим представлениям (решение Кирша) - Схема деформации кер"
9478,9483,Кирша,Method,generic,Method,heuristic_word,,,,,,,0.85,1,"ерно тремя радиусами скважины, что соответствует общепринятым аналитическим представлениям (решение Кирша) - Схема деформации керна при проходке внешней скважины . Зона возможного развития пластических деф"
9487,9509,Схема деформации керна,Material,generic,Material,heuristic_phrase,,,,,,,0.55,2,"я радиусами скважины, что соответствует общепринятым аналитическим представлениям (решение Кирша) - Схема деформации керна при проходке внешней скважины . Зона возможного развития пластических деформаций сосредоточена в ме"
9514,9539,проходке внешней скважины,Process,generic,Process,heuristic_phrase,,,,,,,0.55,2,оответствует общепринятым аналитическим представлениям (решение Кирша) - Схема деформации керна при проходке внешней скважины . Зона возможного развития пластических деформаций сосредоточена в месте развития сдвиговых деформа
9558,9590,развития пластических деформаций,Condition,generic,Condition,heuristic_phrase,,,,,,,0.55,2,ставлениям (решение Кирша) - Схема деформации керна при проходке внешней скважины . Зона возможного развития пластических деформаций сосредоточена в месте развития сдвиговых деформаций <!-- image --> ## Анализ результатов измерени
9632,9642,деформаций,Property,generic,Property,heuristic_word,,,,,,,0.85,8,кважины . Зона возможного развития пластических деформаций сосредоточена в месте развития сдвиговых деформаций <!-- image --> ## Анализ результатов измерений <!-- image --> <!-- image --> ## Интерпретация
9670,9691,результатов измерений,Result,generic,Result,heuristic_phrase,,,,,,,0.55,2,стических деформаций сосредоточена в месте развития сдвиговых деформаций <!-- image --> ## Анализ результатов измерений <!-- image --> <!-- image --> ## Интерпретация результатов с применением численного моделировани
9728,9753,Интерпретация результатов,Process,generic,Process,heuristic_phrase,,,,,,,0.55,2,вых деформаций <!-- image --> ## Анализ результатов измерений <!-- image --> <!-- image --> ## Интерпретация результатов с применением численного моделирования <!-- image --> <!-- image --> ## Локализация точек измере
9768,9792,численного моделирования,Model,generic,Model,heuristic_phrase,,,,,,,0.55,5,з результатов измерений <!-- image --> <!-- image --> ## Интерпретация результатов с применением численного моделирования <!-- image --> <!-- image --> ## Локализация точек измерений относительно основных структур <!-
9847,9856,измерений,Process,generic,Process,heuristic_word,,,,,,,0.85,5,ьтатов с применением численного моделирования <!-- image --> <!-- image --> ## Локализация точек измерений относительно основных структур <!-- image --> <!-- image --> <!-- image --> <!-- image --> <!-
9870,9887,основных структур,GeologicalFeature,generic,GeologicalFeature,heuristic_phrase,,,,,,,0.55,2,сленного моделирования <!-- image --> <!-- image --> ## Локализация точек измерений относительно основных структур <!-- image --> <!-- image --> <!-- image --> <!-- image --> <!-- image --> <!-- image --> <!
